{
  "config": {
    "crypto-currencies": {
      "Bitcoin": {
        "enabled": true,
        "pairs": ["BTC/USDT"]
      },
      "Ethereum": {
        "enabled": true,
        "pairs": ["ETH/USDT"]
      }
    },
    "exchanges": {
      "binance": {
        "enabled": true
      },
      "kucoin": {
        "enabled": true
      },
      "okx": {
        "enabled": true
      }
    },
    "trader": {
      "enabled": false,
      "load-trade-history": false
    },
    "trader-simulator": {
      "enabled": true,
      "fees": {
        "maker": 0.1,
        "taker": 0.1
      },
      "starting-portfolio": {
        "BTC": 0.5,
        "ETH": 1,
        "USDT": 1000
      }
    },
    "trading": {
      "reference-market": "USDT",
      "risk": 0.5
    }
  },
  "profile": {
    "avatar": "default_profile.png",
    "risk": 2,
    "complexity": 3,
    "description": "StatisticalArbitrage uses pairs trading methodology with z-score analysis to identify and trade on price ratio deviations. The strategy tracks price relationships between assets and generates signals when spreads deviate from their historical mean, aiming to profit from mean reversion.",
    "id": "statistical_arbitrage",
    "name": "Statistical Arbitrage",
    "read_only": true
  }
}
