{
    "config": {
        "crypto-currencies": {
            "Bitcoin": {
                "enabled": true,
                "pairs": [
                    "BTC/USDT"
                ]
            },
            "Ethereum": {
                "enabled": true,
                "pairs": [
                    "ETH/USDT",
                    "ETH/BTC"
                ]
            }
        },
        "exchanges": {
            "binance": {
                "enabled": true,
                "exchange-type": "spot"
            }
        },
        "trader": {
            "enabled": false,
            "load-trade-history": false
        },
        "trader-simulator": {
            "enabled": true,
            "fees": {
                "maker": 0.1,
                "taker": 0.1
            },
            "starting-portfolio": {
                "BTC": 0.1,
                "ETH": 1.0,
                "USDT": 10000
            }
        },
        "trading": {
            "reference-market": "USDT",
            "risk": 0.3
        },
        "services": {
            "web": {
                "enabled": true,
                "port": 5001
            }
           
        },
        "trading-modes": {
            "TriangularArbitrageTradingMode": {
                "enabled": true,
                "cycles": "BTC/USDT,ETH/BTC,ETH/USDT",
                "min_profit_bps": 0.5,
                "order_size_usd": 150,
                "slippage_pct": 0.10
            }
        }
    },
    "profile": {
        "auto_update": false,
        "avatar": "default_profile.png",
        "complexity": 3,
        "description": "Triangular Arbitrage Trading Mode - Executes 3-leg arbitrage cycles on a single exchange for profit opportunities.",
        "extra_backtesting_time_frames": [],
        "id": "triangular_arbitrage_trading_mode",
        "imported": false,
        "name": "Triangular Arbitrage Trading",
        "origin_url": null,
        "read_only": false,
        "risk": 2,
        "slug": "",
        "type": "live"
    }
}
