{
    "config": {
        "crypto-currencies": {
            "Bitcoin": {
                "enabled": true,
                "pairs": [
                    "BTC/USDT"
                ]
            },
            "Ethereum": {
                "enabled": true,
                "pairs": [
                    "ETH/USDT"
                ]
            },
            "BNB": {
                "enabled": true,
                "pairs": [
                    "BNB/USDT"
                ]
            },
            "Solana": {
                "enabled": true,
                "pairs": [
                    "SOL/USDT"
                ]
            },
            "XRP": {
                "enabled": true,
                "pairs": [
                    "XRP/USDT"
                ]
            },
            "Cardano": {
                "enabled": true,
                "pairs": [
                    "ADA/USDT"
                ]
            },
            "Dogecoin": {
                "enabled": true,
                "pairs": [
                    "DOGE/USDT"
                ]
            },
            "TRON": {
                "enabled": true,
                "pairs": [
                    "TRX/USDT"
                ]
            },
            "Toncoin": {
                "enabled": true,
                "pairs": [
                    "TON/USDT"
                ]
            },
            "Chainlink": {
                "enabled": true,
                "pairs": [
                    "LINK/USDT"
                ]
            }
        },
        "exchanges": {
            "binance": {
                "enabled": true,
                "exchange-type": "spot"
            }
        },
        "trader": {
            "enabled": false,
            "load-trade-history": false
        },
        "trader-simulator": {
            "enabled": true,
            "fees": {
                "maker": 0.1,
                "taker": 0.1
            },
            "starting-portfolio": {
                "BTC": 0,
                "ETH": 0,
                "BNB": 0,
                "SOL": 0,
                "XRP": 0,
                "ADA": 0,
                "DOGE": 0,
                "TRX": 0,
                "TON": 0,
                "LINK": 0,
                "USDT": 10000
            }
        },
        "trading": {
            "reference-market": "USDT",
            "risk": 0.5
        }
    },
    "profile": {
        "avatar": "default_profile.png",
        "risk": 2,
        "complexity": 3,
        "description": "Index Baskets - Top 10 Crypto: Weekly-rebalanced basket of the top 10 cryptocurrencies by market cap for diversified exposure to major crypto assets with market cap weighting.",
        "id": "index_top10_crypto",
        "name": "Index - Top 10 Crypto",
        "read_only": false
    }
}
