{
    "config": {
        "crypto-currencies": {
            "Meme": {
                "enabled": true,
                "pairs": [
                    "PEPE/USDT"
                ]
            }
        },
        "exchanges": {
            "binance": {
                "enabled": true,
                "exchange-type": "spot"
            },
            "okx": {
                "enabled": true,
                "exchange-type": "spot"
            }
        },
        "trader": {
            "enabled": false,
            "load-trade-history": false
        },
        "trader-simulator": {
            "enabled": true,
            "fees": {
                "maker": 0.1,
                "taker": 0.1
            },
            "starting-portfolio": {
                "PEPE": 5000000,
                "USDT": 1000
            }
        },
        "trading": {
            "reference-market": "USDT",
            "risk": 0.6
        }
    },
    "profile": {
        "auto_update": false,
        "avatar": "default_profile.png",
        "complexity": 3,
        "description": "Passive maker on OKX, taker hedge on Binance (paper)",
        "extra_backtesting_time_frames": [],
        "id": "xemm_hedger_binance_okx_pepeusdt",
        "imported": true,
        "name": "XEMM Hedger: Binance OKX (PEPE/USDT)",
        "origin_url": null,
        "read_only": false,
        "risk": 2,
        "slug": "",
        "type": "live"
    }
}