{
    "config": {
        "crypto-currencies": {
            "Meme": {
                "enabled": true,
                "pairs": [
                    "PEPE/USDT"
                ]
            }
        },
        "exchanges": {
            "binance": {
                "enabled": true,
                "exchange-type": "spot"
            },
            "okx": {
                "enabled": true,
                "exchange-type": "spot"
            }
        },
        "trader": {
            "enabled": false,
            "load-trade-history": false
        },
        "trader-simulator": {
            "enabled": true,
            "fees": {
                "maker": 0.02,
                "taker": 0.04
            },
            "starting-portfolio": {
                "PEPE": 10000000,
                "USDT": 2000
            },
            "starting_portfolio_percent": 100,
            "simulate_orders": true,
            "simulate_wallet": true
        },
        "trading": {
            "reference-market": "USDT",
            "risk": 0.6,
            "enable_trading": true,
            "enable_orders_creation": true
        },
        "tentacles": {
            "XemmHedgerTradingMode": {
                "enabled": true,
                "config": {
                    "paper_trading_mode": true,
                    "aggressive_mode": false
                }
            },
            "XemmHedgerStrategyEvaluator": {
                "enabled": true,
                "config": {
                    "paper_trading_optimized": true
                }
            }
        }
    },
    "profile": {
        "auto_update": false,
        "avatar": "default_profile.png",
        "complexity": 3,
        "description": "Passive maker on OKX, taker hedge on Binance (paper)",
        "extra_backtesting_time_frames": [],
        "id": "xemm_hedger_binance_okx_pepeusdt",
        "imported": true,
        "name": "XEMM Hedger: Binance OKX (PEPE/USDT)",
        "origin_url": null,
        "read_only": false,
        "risk": 2,
        "slug": "",
        "type": "live"
    }
}