{
    "installation_context": {
        "octobot_version": "2.0.12"
    },
    "registered_tentacles": {
        "Local-Custom-Tentacles": "any_platform.zip",
        "OctoBot-Default-Tentacles": "any_platform.zip"
    },
    "tentacle_activation": {
        "Automation": {
            "CancelOpenOrders": true,
            "NoCondition": true,
            "PeriodicCheck": true,
            "PriceThreshold": true,
            "ProfitabilityThreshold": true,
            "SellAllCurrencies": true,
            "SendNotification": true,
            "StopTrading": true
        },
        "Backtesting": {
            "ExchangeBotSnapshotCollector": true,
            "ExchangeHistoryDataCollector": true,
            "ExchangeLiveDataCollector": true,
            "GenericExchangeDataImporter": true,
            "LegacyDataConverter": true
        },
        "Evaluator": {
            "ADXMomentumEvaluator": false,
            "BBMomentumEvaluator": false,
            "BlankStrategyEvaluator": false,
            "CandlesUtil": true,
            "DeathAndGoldenCrossEvaluator": false,
            "DipAnalyserStrategyEvaluator": false,
            "DoubleMovingAverageTrendEvaluator": false,
            "EMADivergenceTrendEvaluator": false,
            "EMAMomentumEvaluator": false,
            "GPTEvaluator": false,
            "GoogleTrendsEvaluator": false,
            "InstantFluctuationsEvaluator": false,
            "InstantMAEvaluator": false,
            "KlingerOscillatorMomentumEvaluator": false,
            "KlingerOscillatorReversalConfirmationMomentumEvaluator": false,
            "MACDMomentumEvaluator": false,
            "MoveSignalsStrategyEvaluator": false,
            "OverallStateAnalyser": true,
            "PatternAnalyser": true,
            "RSIMomentumEvaluator": false,
            "RSIWeightMomentumEvaluator": false,
            "RedditForumEvaluator": false,
            "SimpleStrategyEvaluator": false,
            "StatisticAnalysis": true,
            "StochasticRSIVolatilityEvaluator": false,
            "SuperTrendEvaluator": false,
            "TechnicalAnalysisStrategyEvaluator": false,
            "TelegramChannelSignalEvaluator": false,
            "TelegramSignalEvaluator": false,
            "TextAnalysis": true,
            "TrendAnalysis": true,
            "TwitterNewsEvaluator": false
        },
        "Meta": {},
        "Services": {
            "GPTService": true,
            "GoogleService": true,
            "GoogleServiceFeed": true,
            "RedditService": true,
            "RedditServiceFeed": true,
            "TelegramApiService": true,
            "TelegramApiServiceFeed": true,
            "TelegramBotInterface": true,
            "TelegramNotifier": true,
            "TelegramService": true,
            "TelegramServiceFeed": true,
            "TradingViewService": true,
            "TradingViewServiceFeed": true,
            "TwitterNotifier": true,
            "TwitterService": true,
            "TwitterServiceFeed": true,
            "WebHookService": true,
            "WebInterface": true,
            "WebNotifier": true,
            "WebService": true
        },
        "Trading": {
            "ArbitrageTradingMode": false,
            "AscendEx": true,
            "AscendexCCXTWebsocketConnector": true,
            "Binance": true,
            "BinanceCCXTWebsocketConnector": true,
            "BinanceUS": true,
            "BinanceUSCCXTFeedConnector": true,
            "Bingx": true,
            "BingxCCXTWebsocketConnector": true,
            "BitMart": true,
            "BitMartCCXTWebsocketConnector": true,
            "Bitfinex": true,
            "BitfinexCCXTWebsocketConnector": true,
            "Bitget": true,
            "BitgetCCXTWebsocketConnector": true,
            "Bithumb": true,
            "Bitmex": true,
            "Bitso": true,
            "Bitstamp": true,
            "BlankTradingMode": false,
            "Bybit": true,
            "BybitCCXTWebsocketConnector": true,
            "Coinbase": true,
            "CoinbaseCCXTWebsocketConnector": true,
            "CoinbasePro": true,
            "CoinbaseProCCXTWebsocketConnector": true,
            "Coinex": true,
            "CoinexCCXTWebsocketConnector": true,
            "ConfigurableDefaultCCXTRestExchange": true,
            "CryptoCom": true,
            "CryptoComCCXTWebsocketConnector": true,
            "DCATradingMode": false,
            "DailyTradingMode": false,
            "DipAnalyserTradingMode": false,
            "GateIO": true,
            "GateIOCCXTWebsocketConnector": true,
            "GridTradingMode": false,
            "Hitbtc": true,
            "HollaexAutofilled": true,
            "HollaexAutofilledCCXTWebsocketConnector": true,
            "HollaexCCXTWebsocketConnector": true,
            "Htx": true,
            "HtxCCXTWebsocketConnector": true,
            "Huobi": true,
            "HuobiCCXTWebsocketConnector": true,
            "Hyperliquid": true,
            "HyperliquidCCXTWebsocketConnector": true,
            "IndexTradingMode": false,
            "Kraken": true,
            "KrakenCCXTWebsocketConnector": true,
            "Kucoin": true,
            "KucoinCCXTWebsocketConnector": true,
            "MEXC": true,
            "MEXCCCXTWebsocketConnector": true,
            "MarketMakingTradingMode": false,
            "MyOKXCCXTWebsocketConnector": true,
            "MyOkx": true,
            "Ndax": true,
            "OKXCCXTWebsocketConnector": true,
            "Okcoin": true,
            "Okx": true,
            "OkxUs": true,
            "OkxUsCCXTWebsocketConnector": true,
            "Phemex": true,
            "PhemexCCXTWebsocketConnector": true,
            "Poloniex": true,
            "RemoteTradingSignalsTradingMode": false,
            "SignalTradingMode": false,
            "SpotPerpBasisTradingMode": false,
            "StaggeredOrdersTradingMode": false,
            "TradingViewSignalsTradingMode": false,
            "TriangularArbitrageTradingMode": false,
            "UpbitExchange": true,
            "WavesExchange": true,
            "XemmHedgerTradingMode": true,
            "XemmHedgerStrategyEvaluator": true,
            "hollaex": true
        }
    }
}