{
  "required_strategies": [],
  "pair_settings": [
    {
      "pair": "BTC/USDC",
      "flat_spread": 720,
      "flat_increment": 240,
      "buy_orders_count": 12,
      "sell_orders_count": 12,
      "sell_funds": 0,
      "buy_funds": 0,
      "starting_price": 0,
      "buy_volume_per_order": 0,
      "sell_volume_per_order": 0,
      "ignore_exchange_fees": true,
      "use_fixed_volume_for_mirror_orders": false,
      "mirror_order_delay": 0,
      "use_existing_orders_only": false,
      "allow_funds_redispatch": false,
      "enable_trailing_up": false,
      "enable_trailing_down": false,
      "funds_redispatch_interval": 24
    }
  ]
}


