{
    "config": {
        "crypto-currencies": {
            "Bitcoin": {
                "enabled": true,
                "pairs": [
                    "BTC/USDT"
                ]
            }
        },
        "exchanges": {
            "binance": {
                "enabled": true,
                "exchange-type": "spot"
            },
            "bybit": {
                "enabled": true,
                "exchange-type": "future"
            }
        },
        "trader": {
            "enabled": false,
            "load-trade-history": false
        },
        "trader-simulator": {
            "enabled": true,
            "fees": {
                "maker": 0.1,
                "taker": 0.1
            },
            "starting-portfolio": {
                "BTC": 0.1,
                "USDT": 10000
            }
        },
        "trading": {
            "reference-market": "USDT",
            "risk": 0.5
        },
        "trading-modes": {
            "SpotPerpBasisTradingMode": {
                "enabled": true,
                "spot_exchange": "binance",
                "perp_exchange": "bybit",
                "spot_symbol": "BTC/USDT",
                "perp_symbol": "BTC/USDT",
                "min_opening_arbitrage_pct": 0.30,
                "min_closing_arbitrage_pct": 0.05,
                "order_size_usd": 1000,
                "spot_slippage_pct": 0.05,
                "perp_slippage_pct": 0.05
            }
        }
    },
    "profile": {
        "auto_update": false,
        "avatar": "default_profile.png",
        "complexity": 3,
        "description": "Spot-Perp Basis Trading Mode - Opens/closes spot-perp hedges on basis divergence for arbitrage opportunities.",
        "extra_backtesting_time_frames": [],
        "id": "spot_perp_basis_trading_mode",
        "imported": false,
        "name": "Spot-Perp Basis Trading",
        "origin_url": null,
        "read_only": false,
        "risk": 3,
        "slug": "",
        "type": "live"
    }
}