{
    "config": {
        "crypto-currencies": {
            "Bitcoin": {
                "enabled": true,
                "pairs": [
                    "BTC/USDT"
                ]
            },
            "Ethereum": {
                "enabled": true,
                "pairs": [
                    "ETH/BTC",
                    "ETH/USDT"
                ]
            }
        },
        "exchanges": {
            "binance": {
                "enabled": true,
                "exchange-type": "spot"
            },
            "okx": {
                "enabled": true,
                "exchange-type": "spot"
            }
        },
        "services": {
            "web": {
                "enabled": true,
                "port": 5001
            }
        },
        "trader": {
            "enabled": false,
            "load-trade-history": false
        },
        "trader-simulator": {
            "enabled": true,
            "fees": {
                "maker": 0.02,
                "taker": 0.04
            },
            "starting-portfolio": {
                "BTC": 0.05,
                "ETH": 0.5,
                "USDT": 5000
            }
        },
        "trading": {
            "reference-market": "USDT",
            "risk": 0.3
        },
        "trading-modes": {
            "FlexibleArbitrageTradingMode": {
                "enabled": true,
                "max_legs": 3,
                "min_profit_bps": 2,
                "order_size_usd": 100,
                "slippage_pct": 0.15,
                "trading_pairs": "BTC/USDT,ETH/USDT,ETH/BTC"
            }
        }
    },
    "profile": {
        "auto_update": false,
        "avatar": "default_profile.png",
        "complexity": 3,
        "description": "Flexible Arbitrage Trading - Finds profitable trading paths without requiring specific cycles. Starts with USDT, ends with more USDT!",
        "extra_backtesting_time_frames": [],
        "id": "flexible_arbitrage_trading",
        "imported": false,
        "name": "Flexible Arbitrage Trading",
        "origin_url": null,
        "read_only": false,
        "risk": 2,
        "slug": "",
        "type": "live"
    }
}