{
    "tentacle-specific-config": {
        "Automation": {},
        "Evaluator": {
            "ArbitrageStrategyEvaluator": {
                "required_time_frames": [
                    "1m"
                ]
            }
        },
        "Services": {
            "WebInterface": {
                "enabled": true
            }
        },
        "Trading": {
            "FlexibleArbitrageTradingMode": {
                "enabled": true
            }
        }
    },
    "trading-tentacles": [
        "FlexibleArbitrageTradingMode"
    ]
}

