{
    "close_to_current_price_difference": 0.005,
    "default_config": [
        "StatisticalArbitrageStrategyEvaluator"
    ],
    "required_strategies": [
        "StatisticalArbitrageStrategyEvaluator"
    ],
    "required_strategies_min_count": 1,
    "sell_with_maximum_size_orders": false,
    "buy_with_maximum_size_orders": false,
    "use_prices_close_to_current_price": false,
    "disable_buy_orders": false,
    "disable_sell_orders": false,
    "use_stop_orders": true
}

