{
    "config": {
        "crypto-currencies": {
            "Bitcoin": {
                "enabled": true,
                "pairs": [
                    "BTC/USDT"
                ]
            }
        },
        "exchanges": {
            "binance": {
                "enabled": true,
                "exchange-type": "spot",
                "sandbox": false,
                "options": {
                    "defaultType": "spot"
                }
            }
        },
        "trader": {
            "enabled": false,
            "load-trade-history": false
        },
        "trader-simulator": {
            "enabled": true,
            "fees": {
                "maker": 0.02,
                "taker": 0.04
            },
            "starting-portfolio": {
                "BTC": 0.05,
                "USDT": 5000
            },
            "starting_portfolio_percent": 100,
            "simulate_orders": true,
            "simulate_wallet": true
        },
        "trading": {
            "reference-market": "USDT",
            "risk": 0.5,
            "enable_trading": true,
            "enable_orders_creation": true
        },
        "tentacles": {
            "SpotPerpBasisTradingMode": {
                "enabled": true,
                "config": {
                    "paper_trading_mode": true,
                    "aggressive_mode": false
                }
            },
            "SpotPerpBasisStrategyEvaluator": {
                "enabled": true,
                "config": {
                    "paper_trading_optimized": true
                }
            }
        }
    },
    "profile": {
        "auto_update": false,
        "avatar": "default_profile.png",
        "complexity": 3,
        "description": "Open/close hedge on basis thresholds (paper)",
        "extra_backtesting_time_frames": [],
        "id": "spotperp_basis_binance_btcusdt",
        "imported": true,
        "name": "SpotPerp Basis: Binance",
        "origin_url": null,
        "read_only": false,
        "risk": 2,
        "slug": "",
        "type": "live"
    }
}