{
    "config": {
        "crypto-currencies": {
            "Bitcoin": {
                "enabled": true,
                "pairs": [
                    "BTC/USDT"
                ]
            },
            "Ethereum": {
                "enabled": true,
                "pairs": [
                    "ETH/USDT"
                ]
            }
        },
        "exchanges": {
            "binance": {
                "enabled": true,
                "exchange-type": "spot"
            }
        },
        "trader": {
            "enabled": false,
            "load-trade-history": false
        },
        "trader-simulator": {
            "enabled": true,
            "fees": {
                "maker": 0.02,
                "taker": 0.04
            },
            "starting-portfolio": {
                "BTC": 0.01,
                "ETH": 0.2,
                "USDT": 2000
            },
            "starting_portfolio_percent": 100,
            "simulate_orders": true,
            "simulate_wallet": true
        },
        "trading": {
            "reference-market": "USDT",
            "risk": 0.5,
            "enable_trading": true,
            "enable_orders_creation": true
        },
        "tentacles": {
            "TriangularArbitrageTradingMode": {
                "enabled": true,
                "config": {
                    "paper_trading_mode": true,
                    "aggressive_mode": false
                }
            },
            "TriangularArbitrageStrategyEvaluator": {
                "enabled": true,
                "config": {
                    "paper_trading_optimized": true
                }
            }
        }
    },
    "profile": {
        "auto_update": false,
        "avatar": "default_profile.png",
        "complexity": 3,
        "description": "3 leg opportunity scanner with first leg execution (paper)",
        "extra_backtesting_time_frames": [],
        "id": "triarb_binance_btc_eth_usdt",
        "imported": true,
        "name": "Triangular Arbitrage: Binance (BTC, ETH, USDT)",
        "origin_url": null,
        "read_only": false,
        "risk": 2,
        "slug": "",
        "type": "live"
    }
}