{
    "default_config": [
        "CashAndCarryArbitrageStrategyEvaluator"
    ],
    "required_strategies": [
        "CashAndCarryArbitrageStrategyEvaluator"
    ],
    "required_strategies_min_count": 1,
    "spot_symbol": "BTC/USDT",
    "futures_symbol": "BTC/USDT:USDT",
    "spot_exchange": "binance",
    "futures_exchange": "binance",
    "order_size_usd": 1000.0,
    "min_profit_pct": 0.1,
    "risk_free_rate": 0.05,
    "max_position_size_usd": 10000.0,
    "slippage_pct": 0.1
}

