{
  "config": {
    "crypto-currencies": {
      "Bitcoin": {
        "enabled": true,
        "pairs": ["BTC/USDT"]
      }
    },
    "exchanges": {
      "binance": {
        "enabled": true
      }
    },
    "trader": {
      "enabled": false,
      "load-trade-history": false
    },
    "trader-simulator": {
      "enabled": true,
      "fees": {
        "maker": 0.1,
        "taker": 0.1
      },
      "starting-portfolio": {
        "BTC": 0.1,
        "USDT": 5000
      }
    },
    "trading": {
      "reference-market": "USDT",
      "risk": 0.5
    }
  },
  "profile": {
    "avatar": "default_profile.png",
    "risk": 2,
    "complexity": 3,
    "description": "Cash-and-Carry Arbitrage strategy exploits price differences between spot and futures markets. When futures price exceeds spot price plus carrying costs, the strategy buys spot and simultaneously sells futures, holding until prices converge. This is a market-neutral strategy that profits from basis convergence.",
    "id": "cash_and_carry_arbitrage",
    "name": "Cash-and-Carry Arbitrage",
    "read_only": false
  }
}

