{
    "config": {
        "crypto-currencies": {
            "Solana": {
                "enabled": true,
                "pairs": [
                    "SOL/USDC"
                ]
            },
            "Avalanche": {
                "enabled": true,
                "pairs": [
                    "AVAX/USDC"
                ]
            },
            "Sui": {
                "enabled": true,
                "pairs": [
                    "SUI/USDC"
                ]
            }
        },
        "exchanges": {
            "binance": {
                "enabled": true,
                "exchange-type": "spot"
            }
        },
        "trader": {
            "enabled": false,
            "load-trade-history": false
        },
        "trader-simulator": {
            "enabled": true,
            "fees": {
                "maker": 0.1,
                "taker": 0.1
            },
            "starting-portfolio": {
                "SOL": 0,
                "AVAX": 0,
                "SUI": 0,
                "USDC": 10000
            }
        },
        "trading": {
            "reference-market": "USDC",
            "risk": 0.5
        }
    },
    "profile": {
        "avatar": "default_profile.png",
        "risk": 3,
        "complexity": 3,
        "description": "Multi-Coin DCA - Crypto Ninja Tactics: Basket DCA across SOL/AVAX/SUI with safety orders and TP/SL for higher risk, higher return exposure.",
        "id": "dca_multicoin_crypto_ninja",
        "name": "Multi-Coin DCA - Crypto Ninja Tactics",
        "read_only": false
    }
}
