{
    "buy_order_amount": "0.8%t",
    "default_config": [],
    "required_strategies": [],
    "cancel_open_orders_at_each_entry": false,
    "minutes_before_next_buy": 60,
    "trigger_mode": "Time based",
    "use_market_entry_orders": true,
    "use_secondary_entry_orders": true,
    "secondary_entry_orders_count": 3,
    "secondary_entry_orders_amount": "0.8%t",
    "secondary_entry_orders_price_percent": 2.0,
    "use_secondary_exit_orders": false,
    "use_stop_losses": true,
    "stop_loss_price_percent": 6.0,
    "use_take_profit_exit_orders": true,
    "exit_limit_orders_price_percent": 1.2,
    "enable_health_check": false,
    "health_check_orphan_funds_threshold": 15
}
