{
    "config": {
        "crypto-currencies": {
            "Bitcoin": {
                "enabled": true,
                "pairs": [
                    "BTC/USDC"
                ]
            }
        },
        "exchanges": {
            "binance": {
                "enabled": true
            }
        },
        "trader": {
            "enabled": false,
            "load-trade-history": false
        },
        "trader-simulator": {
            "enabled": true,
            "fees": {
                "maker": 0.1,
                "taker": 0.1
            },
            "starting-portfolio": {
                "BTC": 0,
                "USDC": 10000
            }
        },
        "trading": {
            "reference-market": "USDC",
            "risk": 0.5
        }
    },
    "profile": {
        "avatar": "default_profile.png",
        "risk": 1,
        "complexity": 1,
        "description": "Grid - Buy the Dip: conservative spacing on BTC/USDC designed to accumulate in chop with low drawdown.",
        "id": "grid_btcusdc_buy_the_dip",
        "name": "Grid BTC/USDC - Buy the Dip",
        "read_only": false
    }
}


