{
    "config": {
        "crypto-currencies": {
            "Bitcoin": {
                "enabled": true,
                "pairs": [
                    "BTC/USDT"
                ]
            }
        },
        "exchanges": {
            "okx": {
                "enabled": true,
                "exchange-type": "spot"
            },
            "binance": {
                "enabled": true,
                "exchange-type": "spot"
            }
        },
        "trader": {
            "enabled": false,
            "load-trade-history": false
        },
        "trader-simulator": {
            "enabled": true,
            "fees": {
                "maker": 0.1,
                "taker": 0.1
            },
            "starting-portfolio": {
                "BTC": 0.1,
                "USDT": 10000
            }
        },
        "trading": {
            "reference-market": "USDT",
            "risk": 0.4
        },
        "trading-modes": {
            "XemmHedgerTradingMode": {
                "enabled": true,
                "maker_exchange": "okx",
                "taker_exchange": "binance",
                "min_profitability_pct": 0.35,
                "slippage_pct": 0.08,
                "order_size_usd": 150,
                "anti_hysteresis_sec": 10
            }
        }
    },
    "profile": {
        "auto_update": false,
        "avatar": "default_profile.png",
        "complexity": 3,
        "description": "XEMM Hedger Trading Mode - Cross-exchange market making with passive maker orders and taker hedges for arbitrage profits.",
        "extra_backtesting_time_frames": [],
        "id": "xemm_hedger_trading_mode",
        "imported": false,
        "name": "XEMM Hedger Trading",
        "origin_url": null,
        "read_only": false,
        "risk": 3,
        "slug": "",
        "type": "live"
    }
}
