{
    "config": {
        "crypto-currencies": {
            "Dogecoin": {
                "enabled": true,
                "pairs": [
                    "DOGE/USDT"
                ]
            },
            "Shiba Inu": {
                "enabled": true,
                "pairs": [
                    "SHIB/USDT"
                ]
            },
            "Pepe": {
                "enabled": true,
                "pairs": [
                    "PEPE/USDT"
                ]
            },
            "Pengu": {
                "enabled": true,
                "pairs": [
                    "PENGU/USDT"
                ]
            },
            "Trump": {
                "enabled": true,
                "pairs": [
                    "TRUMP/USDT"
                ]
            }
        },
        "exchanges": {
            "binance": {
                "enabled": true,
                "exchange-type": "spot"
            }
        },
        "trader": {
            "enabled": false,
            "load-trade-history": false
        },
        "trader-simulator": {
            "enabled": true,
            "fees": {
                "maker": 0.1,
                "taker": 0.1
            },
            "starting-portfolio": {
                "DOGE": 0,
                "SHIB": 0,
                "PEPE": 0,
                "PENGU": 0,
                "TRUMP": 0,
                "USDT": 10000
            }
        },
        "trading": {
            "reference-market": "USDT",
            "risk": 0.5
        }
    },
    "profile": {
        "avatar": "default_profile.png",
        "risk": 3,
        "complexity": 2,
        "description": "Index Baskets - Meme Coins: Weekly-rebalanced basket of popular meme cryptocurrencies for diversified exposure to meme coin themes.",
        "id": "index_meme_coins",
        "name": "Index - Meme Coins",
        "read_only": false
    }
}
